{
	"pattrstorage" : 	{
		"name" : "delta",
		"slots" : 		{
			"1" : 			{
				"id" : 1,
				"data" : 				{
					"dial" : [ 478.723419 ],
					"dial[10]" : [ 400.0 ],
					"dial[11]" : [ 400.0 ],
					"dial[12]" : [ 400.0 ],
					"dial[1]" : [ 0.296297 ],
					"dial[2]" : [ 0.253968 ],
					"dial[3]" : [ 2988.049805 ],
					"dial[4]" : [ 350.0 ],
					"dial[5]" : [ 440.0 ],
					"dial[6]" : [ 530.0 ],
					"dial[7]" : [ 620.0 ],
					"dial[8]" : [ 0.0 ],
					"dial[9]" : [ 350.0 ],
					"filtergraph~" : [ 1, 0, 3, 1, 0, 0, 7653.276855, 4.39502, 1.0 ],
					"flonum" : [ 7653.276855 ],
					"flonum[1]" : [ 4.39502 ],
					"flonum[2]" : [ 1.25 ],
					"flonum[6]" : [ 0.0 ],
					"flonum[7]" : [ 0.0 ],
					"live.gain~" : [ -66.0 ],
					"matrixctrl" : [ 0, 0, 1, 0, 1, 1, 0, 2, 1, 0, 3, 1, 1, 0, 1, 1, 1, 1, 1, 2, 1, 1, 3, 1 ],
					"multislider" : [ 1.0, 1.0, 1.0, 1.0, 0.0 ],
					"slider[11]" : [ 0.711111 ],
					"slider[12]" : [ 0.0 ],
					"slider[13]" : [ 0.0 ],
					"slider[14]" : [ 0.0 ],
					"slider[15]" : [ 0.0 ],
					"slider[16]" : [ 0.0 ],
					"slider[17]" : [ 0.333333 ],
					"slider[2]" : [ 0.0 ],
					"slider[6]" : [ 1.0 ],
					"slider[7]" : [ 0.0 ],
					"slider[8]" : [ 1.0 ],
					"slider[9]" : [ 1.0 ],
					"toggle[2]" : [ 0 ],
					"toggle[3]" : [ 0 ],
					"slider[3]" : [ 0.0 ],
					"flonum[4]" : [ 0.0 ],
					"slider[4]" : [ 0.0 ],
					"slider[5]" : [ 0.0 ],
					"dial[13]" : [ 0.0 ],
					"slider[10]" : [ 0.0 ],
					"dial[14]" : [ 0.0 ],
					"dial[15]" : [  ]
				}

			}

		}

	}

}
